command,mean,stddev,median,user,system,min,max
pdu --quantity=block-size tmp.sample,0.09068300499625,0.0006234809018151376,0.09058331559,0.06271730375,0.2874134787499999,0.08962667509000001,0.09272787909
dust tmp.sample,0.11635573173000002,0.0007598130733082688,0.11642939109000001,0.10772459000000001,0.30078161999999997,0.11480337109000001,0.11780907909
dua --count-hard-links tmp.sample,0.13811274694714287,0.0037161726014747114,0.13845021909,0.17681761476190475,0.36259568857142854,0.13055423109,0.14433646409
ncdu -o /dev/stdout -0 tmp.sample,0.2175935417823077,0.0012992824139752032,0.21784137809,0.042817325384615385,0.17427641384615383,0.21606462609,0.21956200009000001
gdu --non-interactive --no-progress tmp.sample,0.14596466279000003,0.0023888827854740852,0.14609682859,0.18663300999999996,0.3737927099999999,0.14213430609,0.15319338009
du --count-links tmp.sample,0.21169482930428574,0.001343952479503029,0.21125912558999999,0.02459206714285714,0.18657468857142856,0.20987591509,0.21450235309000001
