command,mean,stddev,median,user,system,min,max
pdu --quantity=apparent-size tmp.sample,0.09196565802125001,0.0015632178192778554,0.091405325865,0.059552795,0.29293376875,0.090440917865,0.097901344865
dust --apparent-size tmp.sample,0.11641908949462963,0.013613925628234423,0.108525358865,0.09569462833333331,0.3061219851851852,0.105150675865,0.15275201886500003
dua --count-hard-links --apparent-size tmp.sample,0.14325013308722223,0.012406776819051864,0.13693087936500004,0.14523673944444443,0.3775449111111111,0.12523542686500003,0.16468916586500001
ncdu -o /dev/stdout -0 tmp.sample,0.2187049620957693,0.0017179608704119306,0.21793306086500003,0.04093014115384615,0.17724010769230766,0.21677166086500002,0.22160582186500002
gdu --show-apparent-size --non-interactive --no-progress tmp.sample,0.14582211128605263,0.003293471486019919,0.14582602086500002,0.18501676868421052,0.37266537894736834,0.14191080186500002,0.155242102865
du --count-links --apparent-size tmp.sample,0.21075234343642854,0.0009237872737832064,0.21044623486500003,0.02520786642857143,0.18499029999999997,0.20968781586500002,0.21224985686500003
