command,mean,stddev,median,user,system,min,max
pdu --progress tmp.sample,0.10441298549428571,0.0002902160450741967,0.10440654478,0.06742363142857144,0.28421063214285713,0.10385284578000001,0.10506684478000002
ncdu -o /dev/stdout -1 tmp.sample,0.21763560785692307,0.0012805645457141458,0.21783808378,0.037919194615384615,0.17918144807692307,0.21511201278,0.21933939378
gdu --non-interactive tmp.sample,0.14456021052999998,0.0021896046100637486,0.14417971278000002,0.18940221,0.36478792499999996,0.14132112378,0.14931739478
