command,mean,stddev,median,user,system,min,max
pdu --max-depth=1 tmp.sample,0.08990482571125002,0.0005523047260038609,0.089867000555,0.06304654499999998,0.2845404425,0.089061924555,0.091378923555
dutree --summary tmp.sample,0.38195931935500005,0.001508520124856284,0.38169598555500006,0.04110767,0.34030932999999997,0.379688554555,0.38472494955500003
dua --count-hard-links tmp.sample,0.13753827451152176,0.004563023756553866,0.138288105555,0.17980949608695648,0.3577417604347826,0.12702874655500002,0.144574675555
du --count-links --summarize tmp.sample,0.207821163555,0.0011634886481575754,0.207627412555,0.025680884285714283,0.18160284428571427,0.20647535455500002,0.21080017855500002
