{
  "results": [
    {
      "command": "pdu --no-sort tmp.sample",
      "mean": 0.09031323080625,
      "stddev": 0.0008079549674566358,
      "median": 0.090115163025,
      "user": 0.06566778250000001,
      "system": 0.2829182075,
      "min": 0.08922838702500001,
      "max": 0.09234274002500001,
      "times": [
        0.09083464502500001,
        0.090247463025,
        0.090278655025,
        0.09059316002500001,
        0.09110238802500001,
        0.089618353025,
        0.089814886025,
        0.089802759025,
        0.091447722025,
        0.090019844025,
        0.091930051025,
        0.090378457025,
        0.09046779102500001,
        0.089895162025,
        0.090566229025,
        0.089940776025,
        0.08986293102500001,
        0.089917371025,
        0.090210482025,
        0.091742202025,
        0.091382309025,
        0.091099793025,
        0.09234274002500001,
        0.08922838702500001,
        0.08955389602500001,
        0.089833651025,
        0.089512146025,
        0.089647666025,
        0.089245185025,
        0.089359044025,
        0.09048991302500001,
        0.089657328025
      ]
    },
    {
      "command": "du --count-links tmp.sample",
      "mean": 0.21012421609642856,
      "stddev": 0.0017606896162570653,
      "median": 0.21021870252500002,
      "user": 0.027919952142857148,
      "system": 0.18165280571428571,
      "min": 0.207598363025,
      "max": 0.213639869025,
      "times": [
        0.20790208002500002,
        0.208440084025,
        0.210884275025,
        0.213639869025,
        0.21087096902500002,
        0.20936800902500002,
        0.207598363025,
        0.20823934202500002,
        0.210127650025,
        0.209722502025,
        0.210354651025,
        0.21187160702500002,
        0.212409869025,
        0.21030975502500002
      ]
    },
    {
      "command": "dua --count-hard-links tmp.sample",
      "mean": 0.13804439945357144,
      "stddev": 0.003672341727583035,
      "median": 0.13744320502500001,
      "user": 0.180120714047619,
      "system": 0.3593710914285714,
      "min": 0.130916462025,
      "max": 0.144467441025,
      "times": [
        0.13744320502500001,
        0.13865476302500002,
        0.142021115025,
        0.141929243025,
        0.13379555102500001,
        0.144467441025,
        0.136758293025,
        0.139994699025,
        0.142877365025,
        0.134493265025,
        0.136580947025,
        0.134552728025,
        0.14238083002500002,
        0.130916462025,
        0.142276274025,
        0.13794119202500002,
        0.13355678002500002,
        0.137188955025,
        0.135400983025,
        0.135908246025,
        0.139794051025
      ]
    },
    {
      "command": "ncdu -o /dev/stdout -0 tmp.sample",
      "mean": 0.21631850556346152,
      "stddev": 0.0020366201907401093,
      "median": 0.215723628025,
      "user": 0.034574479615384617,
      "system": 0.18122505846153844,
      "min": 0.213819169025,
      "max": 0.220969409025,
      "times": [
        0.21792682802500002,
        0.217501272025,
        0.215723628025,
        0.21525712402500002,
        0.214811851025,
        0.214896743025,
        0.215831524025,
        0.216532467025,
        0.213819169025,
        0.214893956025,
        0.214875330025,
        0.220969409025,
        0.21910127102500002
      ]
    },
    {
      "command": "gdu --non-interactive --no-progress tmp.sample",
      "mean": 0.145420665825,
      "stddev": 0.0016088609824014475,
      "median": 0.145924745525,
      "user": 0.19939699500000002,
      "system": 0.35856257,
      "min": 0.142506970025,
      "max": 0.148248704025,
      "times": [
        0.145986971025,
        0.144770690025,
        0.147331398025,
        0.144061683025,
        0.14596784102500002,
        0.148248704025,
        0.14627046802500002,
        0.145918390025,
        0.14409491602500002,
        0.147351717025,
        0.146249121025,
        0.146166546025,
        0.143666839025,
        0.147701404025,
        0.142506970025,
        0.143971343025,
        0.143013488025,
        0.14401909502500002,
        0.145931101025,
        0.145184631025
      ]
    }
  ]
}
