command,mean,stddev,median,user,system,min,max
pdu --no-sort tmp.sample,0.09031323080625,0.0008079549674566358,0.090115163025,0.06566778250000001,0.2829182075,0.08922838702500001,0.09234274002500001
du --count-links tmp.sample,0.21012421609642856,0.0017606896162570653,0.21021870252500002,0.027919952142857148,0.18165280571428571,0.207598363025,0.213639869025
dua --count-hard-links tmp.sample,0.13804439945357144,0.003672341727583035,0.13744320502500001,0.180120714047619,0.3593710914285714,0.130916462025,0.144467441025
ncdu -o /dev/stdout -0 tmp.sample,0.21631850556346152,0.0020366201907401093,0.215723628025,0.034574479615384617,0.18122505846153844,0.213819169025,0.220969409025
gdu --non-interactive --no-progress tmp.sample,0.145420665825,0.0016088609824014475,0.145924745525,0.19939699500000002,0.35856257,0.142506970025,0.148248704025
