{
  "results": [
    {
      "command": "pdu --min-ratio=0 tmp.sample",
      "mean": 0.372243419005,
      "stddev": 0.0029790871975872617,
      "median": 0.37201268090500006,
      "user": 0.292437275,
      "system": 0.33885778,
      "min": 0.367965763905,
      "max": 0.376613521905,
      "times": [
        0.37312119090500007,
        0.37547318790500006,
        0.37563954790500004,
        0.367965763905,
        0.370031141905,
        0.36863616090500007,
        0.37092831290500006,
        0.37199743390500006,
        0.376613521905,
        0.37202792790500006
      ]
    },
    {
      "command": "dutree tmp.sample",
      "mean": 4.077301033305,
      "stddev": 0.00991880294566657,
      "median": 4.075348068405,
      "user": 0.552459375,
      "system": 3.5241748799999995,
      "min": 4.068061174905,
      "max": 4.102679979905,
      "times": [
        4.068061174905,
        4.069732616905,
        4.078890888905,
        4.102679979905,
        4.070500012905,
        4.072975148905,
        4.076968698905,
        4.081533225905,
        4.073727437905,
        4.077941147904999
      ]
    },
    {
      "command": "ncdu -o /dev/stdout -0 tmp.sample",
      "mean": 0.21916158852038461,
      "stddev": 0.001260297958472096,
      "median": 0.219035669905,
      "user": 0.03600249807692308,
      "system": 0.1826358953846154,
      "min": 0.217000394905,
      "max": 0.22208828490500002,
      "times": [
        0.22029947090500002,
        0.22208828490500002,
        0.219713800905,
        0.220075604905,
        0.219385723905,
        0.219035669905,
        0.218714753905,
        0.217909616905,
        0.219350642905,
        0.218219954905,
        0.218894797905,
        0.218411933905,
        0.217000394905
      ]
    },
    {
      "command": "du --count-links --apparent-size tmp.sample",
      "mean": 0.21216468082807693,
      "stddev": 0.0007608013309972856,
      "median": 0.212270899905,
      "user": 0.023682805769230767,
      "system": 0.18791474153846158,
      "min": 0.21066483590500001,
      "max": 0.213431635905,
      "times": [
        0.212430323905,
        0.211770271905,
        0.211563125905,
        0.21066483590500001,
        0.212907306905,
        0.211203657905,
        0.213104837905,
        0.212139397905,
        0.212270899905,
        0.212338869905,
        0.212383464905,
        0.211932221905,
        0.213431635905
      ]
    }
  ]
}
