command,mean,stddev,median,user,system,min,max
pdu --no-sort --max-depth=1 tmp.sample,0.09037868653875003,0.0006632189897793077,0.09032790032000002,0.06219800624999999,0.28679778375,0.08920027382000001,0.09220058182
dua --count-hard-links tmp.sample,0.13865132517000006,0.0035619860891877276,0.13957274182,0.180666525,0.35921589,0.12981692682,0.14450326782
ncdu -o /dev/null -0 tmp.sample,0.21580195320461543,0.0017015188938117715,0.21542332582,0.03804532115384615,0.17724651692307697,0.21273849682,0.21909723782
gdu --non-interactive --no-progress tmp.sample,0.14582821707000002,0.00196286663303568,0.14630709632,0.18241792499999995,0.3780722899999999,0.14160179082000002,0.14833437582
du --count-links --summarize tmp.sample,0.20838578610571434,0.0009531580798299672,0.20854460682,0.020212403571428568,0.18760043999999998,0.20603169382,0.20966369082000003
