{
  "results": [
    {
      "command": "pdu --progress tmp.sample",
      "mean": 0.10441298549428571,
      "stddev": 0.0002902160450741967,
      "median": 0.10440654478,
      "user": 0.06742363142857144,
      "system": 0.28421063214285713,
      "min": 0.10385284578000001,
      "max": 0.10506684478000002,
      "times": [
        0.10422001078000001,
        0.10404888378000002,
        0.10473198178000001,
        0.10432631278000001,
        0.10506684478000002,
        0.10441760778,
        0.10389928178,
        0.10448862978000001,
        0.10417142078000001,
        0.10428007178000001,
        0.10481802278,
        0.10428318378000001,
        0.10459859378000001,
        0.10450953378000001,
        0.10452192778000001,
        0.10413999678000001,
        0.10439548178000001,
        0.10417611678000001,
        0.10442702578000002,
        0.10481667078000001,
        0.10430967178000002,
        0.10418807978000001,
        0.10424486078000002,
        0.10385284578000001,
        0.10454533478000001,
        0.10459843378000001,
        0.10464939778000001,
        0.10483736978000001
      ]
    },
    {
      "command": "ncdu -o /dev/stdout -1 tmp.sample",
      "mean": 0.21763560785692307,
      "stddev": 0.0012805645457141458,
      "median": 0.21783808378,
      "user": 0.037919194615384615,
      "system": 0.17918144807692307,
      "min": 0.21511201278,
      "max": 0.21933939378,
      "times": [
        0.21511201278,
        0.21684951778,
        0.21885428078,
        0.21873226778000002,
        0.21808477378,
        0.21906103378,
        0.21845783378,
        0.21709025878000002,
        0.21650449178,
        0.21607505478,
        0.21726389878,
        0.21783808378,
        0.21933939378
      ]
    },
    {
      "command": "gdu --non-interactive tmp.sample",
      "mean": 0.14456021052999998,
      "stddev": 0.0021896046100637486,
      "median": 0.14417971278000002,
      "user": 0.18940221,
      "system": 0.36478792499999996,
      "min": 0.14132112378,
      "max": 0.14931739478,
      "times": [
        0.14290029278,
        0.14703548278,
        0.14488979378,
        0.14217244578,
        0.14845775178,
        0.14734221978,
        0.14283811478,
        0.14182009578,
        0.14399206378,
        0.14392372878,
        0.14132112378,
        0.14931739478,
        0.14617969178,
        0.14291709178,
        0.14332773078,
        0.14504046178,
        0.14337974378,
        0.14436736178,
        0.14462183078,
        0.14535978978
      ]
    }
  ]
}
