{
  "results": [
    {
      "command": "pdu --max-depth=1 tmp.sample",
      "mean": 0.08990482571125002,
      "stddev": 0.0005523047260038609,
      "median": 0.089867000555,
      "user": 0.06304654499999998,
      "system": 0.2845404425,
      "min": 0.089061924555,
      "max": 0.091378923555,
      "times": [
        0.089856828555,
        0.08993352055500001,
        0.08933100455500001,
        0.08971325855500001,
        0.089669364555,
        0.090097901555,
        0.091378923555,
        0.08987717255500001,
        0.089297262555,
        0.089902105555,
        0.089973892555,
        0.089377824555,
        0.091224904555,
        0.089669867555,
        0.089435616555,
        0.089729271555,
        0.089715943555,
        0.089107246555,
        0.090062838555,
        0.089456989555,
        0.089447311555,
        0.089531238555,
        0.089532423555,
        0.090664413555,
        0.089061924555,
        0.09039341755500001,
        0.090114479555,
        0.090803579555,
        0.090236043555,
        0.090101116555,
        0.089894587555,
        0.09036214855500001
      ]
    },
    {
      "command": "dutree --summary tmp.sample",
      "mean": 0.38195931935500005,
      "stddev": 0.001508520124856284,
      "median": 0.38169598555500006,
      "user": 0.04110767,
      "system": 0.34030932999999997,
      "min": 0.379688554555,
      "max": 0.38472494955500003,
      "times": [
        0.380166802555,
        0.38297720155500004,
        0.38266720255500003,
        0.38146600755500004,
        0.38133296855500004,
        0.379688554555,
        0.381315345555,
        0.381925963555,
        0.383328197555,
        0.38472494955500003
      ]
    },
    {
      "command": "dua --count-hard-links tmp.sample",
      "mean": 0.13753827451152176,
      "stddev": 0.004563023756553866,
      "median": 0.138288105555,
      "user": 0.17980949608695648,
      "system": 0.3577417604347826,
      "min": 0.12702874655500002,
      "max": 0.144574675555,
      "times": [
        0.12702874655500002,
        0.143969962555,
        0.134526891555,
        0.13172733955500002,
        0.14146232555500002,
        0.136682751555,
        0.14228209755500001,
        0.132354672555,
        0.133765068555,
        0.136228793555,
        0.140535052555,
        0.137622908555,
        0.138288105555,
        0.138736537555,
        0.139616896555,
        0.13866960855500002,
        0.140576496555,
        0.136676590555,
        0.140116420555,
        0.13180944655500001,
        0.143803260555,
        0.132325664555,
        0.144574675555
      ]
    },
    {
      "command": "du --count-links --summarize tmp.sample",
      "mean": 0.207821163555,
      "stddev": 0.0011634886481575754,
      "median": 0.207627412555,
      "user": 0.025680884285714283,
      "system": 0.18160284428571427,
      "min": 0.20647535455500002,
      "max": 0.21080017855500002,
      "times": [
        0.20820780555500001,
        0.207966931555,
        0.207577323555,
        0.207677501555,
        0.207091536555,
        0.208469098555,
        0.20687252755500002,
        0.206929973555,
        0.20647535455500002,
        0.206790246555,
        0.20692488455500002,
        0.21080017855500002,
        0.208804007555,
        0.20890891955500002
      ]
    }
  ]
}
