{
  "results": [
    {
      "command": "pdu --top-down tmp.sample",
      "mean": 0.09071267944048389,
      "stddev": 0.0011400950325634249,
      "median": 0.090412527505,
      "user": 0.06338237999999999,
      "system": 0.28648952177419346,
      "min": 0.08946659450500001,
      "max": 0.09437502250500002,
      "times": [
        0.09437502250500002,
        0.09180491250500002,
        0.09096042050500001,
        0.090451527505,
        0.09175240450500001,
        0.08974040050500001,
        0.09024454650500001,
        0.093911664505,
        0.09011017150500002,
        0.09033020550500001,
        0.09014577450500001,
        0.09174251250500001,
        0.09068677650500001,
        0.09063680850500001,
        0.090158683505,
        0.09215060950500001,
        0.09053237750500001,
        0.08973723450500001,
        0.090630600505,
        0.09005325850500001,
        0.09009236450500001,
        0.09092160550500002,
        0.08946659450500001,
        0.090412527505,
        0.08980281350500001,
        0.090858875505,
        0.08987117150500001,
        0.08962804750500002,
        0.09098939450500002,
        0.089828842505,
        0.09006491350500001
      ]
    },
    {
      "command": "dust --reverse tmp.sample",
      "mean": 0.11752725750499998,
      "stddev": 0.005521897169101606,
      "median": 0.115854777005,
      "user": 0.10071921333333334,
      "system": 0.3073802583333333,
      "min": 0.11480424850500001,
      "max": 0.141746514505,
      "times": [
        0.11893858250500002,
        0.11562556050500002,
        0.11507510450500001,
        0.11769625750500001,
        0.11687514950500001,
        0.115548356505,
        0.11681985850500001,
        0.11707675650500002,
        0.11584222550500001,
        0.115867328505,
        0.11573864450500002,
        0.11530037250500001,
        0.11606273450500001,
        0.115075352505,
        0.11774668850500002,
        0.12429148850500002,
        0.141746514505,
        0.11743839850500001,
        0.11522166450500002,
        0.11507836450500002,
        0.11607099650500001,
        0.11550386950500001,
        0.11520966250500002,
        0.11480424850500001
      ]
    }
  ]
}
