{
  "results": [
    {
      "command": "pdu --quantity=block-size tmp.sample",
      "mean": 0.09068300499625,
      "stddev": 0.0006234809018151376,
      "median": 0.09058331559,
      "user": 0.06271730375,
      "system": 0.2874134787499999,
      "min": 0.08962667509000001,
      "max": 0.09272787909,
      "times": [
        0.09091027109000001,
        0.09015033109000001,
        0.09031157209000001,
        0.09154752209000001,
        0.08996313009000001,
        0.09046551909,
        0.09072862109,
        0.09071409809000001,
        0.09052206609,
        0.09050804609,
        0.09032143109,
        0.09064456509,
        0.09103058809,
        0.09027894809,
        0.08962667509000001,
        0.08982835609,
        0.09007165409000001,
        0.09032862709,
        0.09180030509,
        0.09137151109000001,
        0.09272787909,
        0.09044776609,
        0.09066369109000001,
        0.09004643609,
        0.09106021409000001,
        0.09069488009000001,
        0.09143021509,
        0.09080231909000001,
        0.09043279109,
        0.09087455709,
        0.09112688109000001,
        0.09042469209000001
      ]
    },
    {
      "command": "dust tmp.sample",
      "mean": 0.11635573173000002,
      "stddev": 0.0007598130733082688,
      "median": 0.11642939109000001,
      "user": 0.10772459000000001,
      "system": 0.30078161999999997,
      "min": 0.11480337109000001,
      "max": 0.11780907909,
      "times": [
        0.11623437309000001,
        0.11710647909,
        0.11654500309000002,
        0.11643126409000001,
        0.11540901309000001,
        0.11511837109,
        0.11700268509,
        0.11699070909,
        0.11567929009000001,
        0.11552349409000001,
        0.11758144409000001,
        0.11480337109000001,
        0.11602345209,
        0.11575089509000001,
        0.11661126709000001,
        0.11642939109000001,
        0.11659018109000001,
        0.11726605709000001,
        0.11631838309,
        0.11636554909,
        0.11596831909000001,
        0.11780907909,
        0.11675077109000001,
        0.11702218909,
        0.11556226209
      ]
    },
    {
      "command": "dua --count-hard-links tmp.sample",
      "mean": 0.13811274694714287,
      "stddev": 0.0037161726014747114,
      "median": 0.13845021909,
      "user": 0.17681761476190475,
      "system": 0.36259568857142854,
      "min": 0.13055423109,
      "max": 0.14433646409,
      "times": [
        0.13747889109,
        0.13983078209,
        0.13601642009,
        0.14045408508999999,
        0.13707053709,
        0.14257539909,
        0.14433646409,
        0.13317789509,
        0.14028556709,
        0.13972824109,
        0.13532478709,
        0.14306941009,
        0.13541307309,
        0.13518038709,
        0.13845021909,
        0.13172567309,
        0.13867814208999998,
        0.13781495509,
        0.14211762009,
        0.14108490609,
        0.13055423109
      ]
    },
    {
      "command": "ncdu -o /dev/stdout -0 tmp.sample",
      "mean": 0.2175935417823077,
      "stddev": 0.0012992824139752032,
      "median": 0.21784137809,
      "user": 0.042817325384615385,
      "system": 0.17427641384615383,
      "min": 0.21606462609,
      "max": 0.21956200009000001,
      "times": [
        0.21625474509,
        0.21617976909,
        0.21606462609,
        0.21784137809,
        0.21741024709,
        0.21622809809000001,
        0.21863666009,
        0.21616008109,
        0.21804305309,
        0.21956200009000001,
        0.21825526709,
        0.21944437909,
        0.21863573909
      ]
    },
    {
      "command": "gdu --non-interactive --no-progress tmp.sample",
      "mean": 0.14596466279000003,
      "stddev": 0.0023888827854740852,
      "median": 0.14609682859,
      "user": 0.18663300999999996,
      "system": 0.3737927099999999,
      "min": 0.14213430609,
      "max": 0.15319338009,
      "times": [
        0.14594033609,
        0.14625877509,
        0.14625332109,
        0.14628784309,
        0.14213430609,
        0.14639339409,
        0.15319338009,
        0.14402001109,
        0.14395682609,
        0.14567113309,
        0.14643993709,
        0.14532002409,
        0.14746633609,
        0.14721037408999998,
        0.14636653009,
        0.14945405008999998,
        0.14302724909,
        0.14589933909,
        0.14394146409,
        0.14405862609
      ]
    },
    {
      "command": "du --count-links tmp.sample",
      "mean": 0.21169482930428574,
      "stddev": 0.001343952479503029,
      "median": 0.21125912558999999,
      "user": 0.02459206714285714,
      "system": 0.18657468857142856,
      "min": 0.20987591509,
      "max": 0.21450235309000001,
      "times": [
        0.21150815709,
        0.21084679009,
        0.20987591509,
        0.21127194709,
        0.21123102809,
        0.21024742009,
        0.21124630409,
        0.21117873009,
        0.21341720709,
        0.21450235309000001,
        0.21254436309,
        0.21368999409,
        0.21136975309,
        0.21079764809
      ]
    }
  ]
}
