command,mean,stddev,median,user,system,min,max
pdu --top-down tmp.sample,0.09071267944048389,0.0011400950325634249,0.090412527505,0.06338237999999999,0.28648952177419346,0.08946659450500001,0.09437502250500002
dust --reverse tmp.sample,0.11752725750499998,0.005521897169101606,0.115854777005,0.10071921333333334,0.3073802583333333,0.11480424850500001,0.141746514505
