command,mean,stddev,median,user,system,min,max
pdu --min-ratio=0 tmp.sample,0.372243419005,0.0029790871975872617,0.37201268090500006,0.292437275,0.33885778,0.367965763905,0.376613521905
dutree tmp.sample,4.077301033305,0.00991880294566657,4.075348068405,0.552459375,3.5241748799999995,4.068061174905,4.102679979905
ncdu -o /dev/stdout -0 tmp.sample,0.21916158852038461,0.001260297958472096,0.219035669905,0.03600249807692308,0.1826358953846154,0.217000394905,0.22208828490500002
du --count-links --apparent-size tmp.sample,0.21216468082807693,0.0007608013309972856,0.212270899905,0.023682805769230767,0.18791474153846158,0.21066483590500001,0.213431635905
