{
  "results": [
    {
      "command": "pdu --quantity=apparent-size tmp.sample",
      "mean": 0.09196565802125001,
      "stddev": 0.0015632178192778554,
      "median": 0.091405325865,
      "user": 0.059552795,
      "system": 0.29293376875,
      "min": 0.090440917865,
      "max": 0.097901344865,
      "times": [
        0.090950236865,
        0.090862549865,
        0.092840479865,
        0.09174911686500001,
        0.09087983586500001,
        0.091522749865,
        0.097901344865,
        0.09282447286500001,
        0.091300114865,
        0.091325037865,
        0.092447030865,
        0.091693700865,
        0.09085138586500001,
        0.091236491865,
        0.091287915865,
        0.091563145865,
        0.091208593865,
        0.090440917865,
        0.09131658586500001,
        0.091482835865,
        0.09132781586500001,
        0.092391561865,
        0.091194496865,
        0.092579458865,
        0.09161966186500001,
        0.093044561865,
        0.093049691865,
        0.096522592865,
        0.09110302386500001,
        0.091181743865,
        0.09064362186500001,
        0.09255828086500001
      ]
    },
    {
      "command": "dust --apparent-size tmp.sample",
      "mean": 0.11641908949462963,
      "stddev": 0.013613925628234423,
      "median": 0.108525358865,
      "user": 0.09569462833333331,
      "system": 0.3061219851851852,
      "min": 0.105150675865,
      "max": 0.15275201886500003,
      "times": [
        0.108274601865,
        0.106466301865,
        0.10676158486500001,
        0.107214266865,
        0.10611356486500001,
        0.105905790865,
        0.105150675865,
        0.105608675865,
        0.106998496865,
        0.10665042586500001,
        0.106197842865,
        0.10693443786500001,
        0.105907085865,
        0.108525358865,
        0.131322159865,
        0.14167740686500002,
        0.15275201886500003,
        0.142433018865,
        0.11173930686500001,
        0.11004154086500001,
        0.110854600865,
        0.125835541865,
        0.13062359286500003,
        0.12768551286500002,
        0.12086027186500001,
        0.12087571686500001,
        0.123905615865
      ]
    },
    {
      "command": "dua --count-hard-links --apparent-size tmp.sample",
      "mean": 0.14325013308722223,
      "stddev": 0.012406776819051864,
      "median": 0.13693087936500004,
      "user": 0.14523673944444443,
      "system": 0.3775449111111111,
      "min": 0.12523542686500003,
      "max": 0.16468916586500001,
      "times": [
        0.159494424865,
        0.15449336886500004,
        0.16468916586500001,
        0.153468573865,
        0.15745701786500002,
        0.15399289486500004,
        0.13608975786500002,
        0.15975115386500002,
        0.14068231686500002,
        0.13777200086500002,
        0.13366483986500002,
        0.13485811686500002,
        0.13372561986500003,
        0.13320290986500002,
        0.12523542686500003,
        0.134260366865,
        0.13491343186500002,
        0.13075100786500002
      ]
    },
    {
      "command": "ncdu -o /dev/stdout -0 tmp.sample",
      "mean": 0.2187049620957693,
      "stddev": 0.0017179608704119306,
      "median": 0.21793306086500003,
      "user": 0.04093014115384615,
      "system": 0.17724010769230766,
      "min": 0.21677166086500002,
      "max": 0.22160582186500002,
      "times": [
        0.21677166086500002,
        0.21974948586500004,
        0.21793306086500003,
        0.22160582186500002,
        0.21709065086500004,
        0.21688626586500004,
        0.21904295186500003,
        0.21763144386500002,
        0.21742841286500003,
        0.21745780186500002,
        0.22056932486500003,
        0.22130510086500002,
        0.21969252486500002
      ]
    },
    {
      "command": "gdu --show-apparent-size --non-interactive --no-progress tmp.sample",
      "mean": 0.14582211128605263,
      "stddev": 0.003293471486019919,
      "median": 0.14582602086500002,
      "user": 0.18501676868421052,
      "system": 0.37266537894736834,
      "min": 0.14191080186500002,
      "max": 0.155242102865,
      "times": [
        0.14885670186500002,
        0.14607712286500002,
        0.14347717886500003,
        0.14331382186500002,
        0.15086058686500003,
        0.14373771386500003,
        0.143359033865,
        0.14786169886500003,
        0.14191080186500002,
        0.14654954286500002,
        0.14735768386500003,
        0.14461620486500001,
        0.14461623486500003,
        0.155242102865,
        0.14204527286500002,
        0.14623497786500003,
        0.14267174286500003,
        0.14582602086500002,
        0.14600566986500002
      ]
    },
    {
      "command": "du --count-links --apparent-size tmp.sample",
      "mean": 0.21075234343642854,
      "stddev": 0.0009237872737832064,
      "median": 0.21044623486500003,
      "user": 0.02520786642857143,
      "system": 0.18499029999999997,
      "min": 0.20968781586500002,
      "max": 0.21224985686500003,
      "times": [
        0.21200027086500003,
        0.21224985686500003,
        0.20972661386500002,
        0.21060277886500003,
        0.21008801486500003,
        0.20982337986500002,
        0.20968781586500002,
        0.21023383686500002,
        0.21184072086500003,
        0.211342168865,
        0.21186590786500004,
        0.21028969086500002,
        0.21075515186500002,
        0.21002659986500002
      ]
    }
  ]
}
