{
  "results": [
    {
      "command": "pdu --no-sort --max-depth=1 tmp.sample",
      "mean": 0.09037868653875003,
      "stddev": 0.0006632189897793077,
      "median": 0.09032790032000002,
      "user": 0.06219800624999999,
      "system": 0.28679778375,
      "min": 0.08920027382000001,
      "max": 0.09220058182,
      "times": [
        0.09170952982000001,
        0.09035911482,
        0.08963646382000001,
        0.08920027382000001,
        0.08989517482,
        0.09059681182000001,
        0.09008850682000001,
        0.09036630782,
        0.08922910282,
        0.08975972882000001,
        0.09011283682,
        0.09220058182,
        0.09092978082,
        0.09135898382,
        0.08987013082,
        0.09063368782,
        0.09032430682,
        0.09000888482000001,
        0.09033149382000001,
        0.09013307882,
        0.08996955982,
        0.09133052982,
        0.09033715182,
        0.08997853982000001,
        0.09076452782000001,
        0.09106197282,
        0.09067989682000001,
        0.09086031482000001,
        0.09035876282000001,
        0.09022271982,
        0.09001797282,
        0.08979123882000001
      ]
    },
    {
      "command": "dua --count-hard-links tmp.sample",
      "mean": 0.13865132517000006,
      "stddev": 0.0035619860891877276,
      "median": 0.13957274182,
      "user": 0.180666525,
      "system": 0.35921589,
      "min": 0.12981692682,
      "max": 0.14450326782,
      "times": [
        0.14200636882,
        0.13982718982,
        0.14149247382000002,
        0.12981692682,
        0.13993538282,
        0.13244350382,
        0.13995270482000002,
        0.14202951982,
        0.13896350082,
        0.14168844582,
        0.13931829382000002,
        0.13864726182,
        0.13514599782,
        0.14450326782,
        0.13927149382,
        0.13435133682,
        0.13991996382000002,
        0.13629459382,
        0.14053588782,
        0.13688238882
      ]
    },
    {
      "command": "ncdu -o /dev/null -0 tmp.sample",
      "mean": 0.21580195320461543,
      "stddev": 0.0017015188938117715,
      "median": 0.21542332582,
      "user": 0.03804532115384615,
      "system": 0.17724651692307697,
      "min": 0.21273849682,
      "max": 0.21909723782,
      "times": [
        0.21828936382000003,
        0.21691709582000002,
        0.21681716582000002,
        0.21521819482000001,
        0.21909723782,
        0.21498444482,
        0.21626317282000002,
        0.21542332582,
        0.21567595682000001,
        0.21538818282000002,
        0.21438109982,
        0.21423165382,
        0.21273849682
      ]
    },
    {
      "command": "gdu --non-interactive --no-progress tmp.sample",
      "mean": 0.14582821707000002,
      "stddev": 0.00196286663303568,
      "median": 0.14630709632,
      "user": 0.18241792499999995,
      "system": 0.3780722899999999,
      "min": 0.14160179082000002,
      "max": 0.14833437582,
      "times": [
        0.14727943482,
        0.14320524482000002,
        0.14769027682000002,
        0.14629495182000002,
        0.14351945582,
        0.14618922482000002,
        0.14631924082,
        0.14521497882,
        0.14660606682000002,
        0.14833437582,
        0.14744107082000002,
        0.14213274982000002,
        0.14550655682000002,
        0.14703203782000002,
        0.14379048982,
        0.14160179082000002,
        0.14620616482,
        0.14755818982000002,
        0.14759595582,
        0.14704608382
      ]
    },
    {
      "command": "du --count-links --summarize tmp.sample",
      "mean": 0.20838578610571434,
      "stddev": 0.0009531580798299672,
      "median": 0.20854460682,
      "user": 0.020212403571428568,
      "system": 0.18760043999999998,
      "min": 0.20603169382,
      "max": 0.20966369082000003,
      "times": [
        0.20888646182,
        0.20855103282,
        0.20906547482,
        0.20743035482000002,
        0.20765519382000003,
        0.20603169382,
        0.20916047882000002,
        0.20966369082000003,
        0.20923819782000003,
        0.20909519482000002,
        0.20839177782,
        0.20793216282000002,
        0.20776110982,
        0.20853818082
      ]
    }
  ]
}
